condition,tau,n_folds,mean_retrieval_entropy_bits_mean,mean_retrieval_entropy_bits_std,mean_top5_probability_mass_mean,mean_top5_probability_mass_std,mean_top10_probability_mass_mean,mean_top10_probability_mass_std,mean_positive_probability_mean,mean_positive_probability_std,mean_free_energy_mean,mean_free_energy_std
Base E5,0.01,5,6.293048955076493,0.0971081882101292,0.413865406886195,0.0112406665521253,0.4987248581696034,0.0122865630470116,0.1136235313149734,0.0116383585884209,-0.8684355145627993,0.0018440015160003
Base E5,0.010798122767574,5,6.786113181388788,0.0995211889820615,0.3615203638799993,0.0111587062499944,0.442705457930279,0.0125629471410107,0.098520374261803,0.0103226722277069,-0.872055595290891,0.0018134411868441
Base E5,0.01165994553036,5,7.262242131724816,0.1000509683709706,0.311619303453973,0.0109131230359181,0.3882069991754094,0.0125878824149563,0.0839389602327063,0.0090509290453798,-0.8762545559221504,0.0017772183072851
Base E5,0.0125905523300053,5,7.711373325886095,0.0982172187128063,0.2652021514348838,0.0104718189074294,0.336490706859172,0.0123282996197708,0.0703029253834578,0.0078384835635288,-0.8810874491512581,0.0017363950637819
Base E5,0.0135954329770963,5,8.125390040745184,0.0939660147795825,0.2230775766413509,0.0098311431344109,0.2886076550472344,0.0117852458195337,0.0579539101724826,0.006703028646886,-0.8866069142859988,0.0016924231578275
Base E5,0.014680515436501,5,8.498782181243877,0.0875987101492246,0.1857567119023126,0.0090177877445265,0.2453118865354664,0.0109940877774724,0.0471141286560654,0.005659879528025,-0.8928630753941539,0.0016469550040282
Base E5,0.0158522007974604,5,8.828856059014424,0.079631561224732,0.1534349898248203,0.0080787824150072,0.2070226608153254,0.0100132985263576,0.037875400616102,0.0047166305142737,-0.8999040787919655,0.0016016363688421
Base E5,0.0171174010347212,5,9.11553864425961,0.0706791130715256,0.1260185211652281,0.0070709640735219,0.1738354248971532,0.008912675822689,0.0302105260353826,0.0038752096778215,-0.907777154891048,0.0015579114961568
Base E5,0.0184835797834718,5,9.360889900714923,0.0613554641759992,0.1031823441830756,0.0060516761850416,0.1455706985765502,0.007762991094245,0.0239989286970123,0.003136203315799,-0.9165300256724132,0.0015168786889477
Base E5,0.0199587963686178,5,9.568450683727148,0.0521986191785014,0.0844458374319167,0.0050711749952063,0.1218465034206636,0.0066275246977422,0.01905994027463,0.0024994670503107,-0.9262124505379152,0.0014792293884084
Base E5,0.0215517533481346,5,9.742561094353231,0.0436352331390487,0.0692507864055373,0.004168853763409,0.1021590461987701,0.0055575497642467,0.0151874418320835,0.0019630644004192,-0.9368777094524908,0.0014452705884734
Base E5,0.0232718478509632,5,9.887781185265592,0.0359650983979243,0.0570283375271026,0.0033718772177442,0.0859563381476833,0.0045904698987395,0.012178511919247,0.0015227068031111,-0.9485838824385742,0.0014150024273111
Base E5,0.0251292270123005,5,10.0084914895792,0.0293483445933034,0.0472458928119681,0.0026940984329556,0.0726938235263707,0.003748424926182,0.00985133020821,0.0011711212328817,-0.9613948829772648,0.0013882188068739
Base E5,0.0271348478333058,5,10.108670948504884,0.0238101517242692,0.0394329537999553,0.0021362133399672,0.0618691971060727,0.0030381962429192,0.0080527769364972,0.0008976708886576,-0.9753812823088456,0.0013646040764551
Base E5,0.0293005418183476,5,10.19180314951196,0.0192736215138713,0.0331906343458955,0.0016885253537395,0.0530399238966231,0.002453851918934,0.006659215889181,0.0006892858853685,-0.9906209895224016,0.001343806734197
Base E5,0.0316390847710954,5,10.260860406543456,0.0156067792467376,0.0281907913684417,0.0013354670334326,0.0458288524069495,0.0019814307764574,0.0055737903183488,0.0005324300341687,-1.0071998449023156,0.0013254840459352
Base E5,0.034164272161197,5,10.318331801941673,0.0126628112871275,0.0241694321794047,0.0010598549522448,0.0399224291799473,0.0016036483582345,0.0047222696600717,0.0004148855541088,-1.0252121700755985,0.0013093229486437
Base E5,0.0368910005061417,5,10.366274241939408,0.0103042406059686,0.0209175499753451,0.0008456513145883,0.0350647387037281,0.0013032417005398,0.0040485867874807,0.0003266454216487,-1.0447613092501398,0.001295046483629
Base E5,0.0398353552483954,5,10.406372720801793,0.0084131426831679,0.0182714334011975,0.0006792105526929,0.0310496407454387,0.0010647549711125,0.0035107258435943,0.0002600067938054,-1.065960189225977,0.0012824132035708
Base E5,0.0430147056462098,5,10.44000082362874,0.0068930310255793,0.0161036518112463,0.0005495317687032,0.0277125294585885,0.0008751917324852,0.003077276599099,0.0002092502934694,-1.0889319196835898,0.0012712138796318
Base E5,0.0464478072378833,5,10.468276284977556,0.0056669213039408,0.0143152814631374,0.000448021922031,0.0249226211062564,0.000724026564913,0.0027247194629944,0.000170206305183,-1.1138104496131715,0.0012612675525378
Base E5,0.05,5,10.491225086138892,0.0047102703424352,0.0128843280554647,0.0003709593148144,0.0226632663651631,0.0006073107527535,0.002445982033726,0.0001409404170868,-1.139614725788807,0.0012527548388826
Base E5,0.0501549124839277,5,10.49210920155513,0.0046741481681151,0.0128295201059354,0.0003680885005973,0.0225762125307092,0.0006029257737603,0.0024353661855862,0.0001398559476543,-1.1407412911991015,0.0012524177383447
Base E5,0.0541578902398383,5,10.512242323149849,0.0038671388060119,0.0115866072579315,0.0003047211879031,0.0205910449339999,0.0005053771704076,0.0021958319727049,0.0001160131058178,-1.1698823192392989,0.0012445290420967
Base E5,0.0584803547642573,5,10.529283894653906,0.0032086020280124,0.0105398669260635,0.0002541267753209,0.0189017302443481,0.0004263269930328,0.0019959147808869,9.708764811183632e-05,-1.2014046521925157,0.0012374842147044
Base E5,0.0631478050235733,5,10.54373401210667,0.0026692412205892,0.0096526651011632,0.0002134339792265,0.0174561124896421,0.0003618638364736,0.0018277770240401,8.191487610588558e-05,-1.235493619978348,0.0012311816172754
Base E5,0.0681877751147372,5,10.556005592078757,0.0022259560749532,0.0088960882423737,0.0001804643684892,0.0162124093627785,0.0003089598315185,0.0016853481574337,6.963454624073823e-05,-1.2723498234228714,0.001225533041605
Base E5,0.0736299966936662,5,10.566440997479544,0.0018604522533389,0.0082471781210796,0.0001535586413122,0.0151369833023473,0.0002652659369504,0.0015638873088277,5.960550129594195e-05,-1.3121902904917315,0.0012204618377946
Base E5,0.0795065743674277,5,10.575325222405892,0.0015581740901294,0.0076875904590417,0.0001314465388937,0.0142026097589837,0.0002289532887039,0.0014596615908929,5.1345389834291005e-05,-1.355249734989813,0.0012159013062304
Base E5,0.0858521750848739,5,10.582896377024593,0.0013074864764167,0.0072025740368111,0.0001131500463502,0.0133871329471897,0.0001985916675107,0.0013697081122249,4.448792372689586e-05,-1.4017819241058351,0.0012117933172831
Base E5,0.0927042326429728,5,10.589354062040991,0.0010990466079121,0.0067801913398909,9.791151779450669e-05,0.0126724212620335,0.0001730569647266,0.0012916567464245,3.875238210624076e-05,-1.4520611619677273,0.0012080871271977
Base E5,0.1001031685152564,5,10.594866093338291,0.0009253197624374,0.006410721163344,8.514027502251914e-05,0.0120435535576334,0.0001514608938545,0.0012235972180121,3.392169085192645e-05,-1.5063838972128285,0.0012047383628743
Base E5,0.108092630305089,5,10.59957393314934,0.0007802043602936,0.0060861984990023,7.437283273038055e-05,0.0114881830883957,0.0001330975914599,0.0011639786994884,2.9826538336608715e-05,-1.5650704634505517,0.0012017081518081
Base E5,0.1167197492304344,5,10.603597102416458,0.0006587401799534,0.0058000583003678,6.524316158872241e-05,0.0109960382892258,0.0001174029724928,0.001111533410979,2.633376825422523e-05,-1.628466962401389,0.0011989623765624
Base E5,0.1260354181590685,5,10.607036786045546,0.0005568801200696,0.0055468581539954,5.7460353221876345e-05,0.0105585291846476,0.0001039236982412,0.0010652180601149,2.3337825674617223e-05,-1.696947300439073,0.0011964710358833
Base E5,0.136094591834415,5,10.609978794705505,0.0004713107657536,0.0053220611611228,5.0791757758328736e-05,0.0101684355927638,9.229339121848608e-05,0.0010241686336523,2.075439992095065e-05,-1.77091539024941,0.0011942076969929
Base E5,0.1469566110630891,5,10.612496010273698,0.0003993106341685,0.0051218649914545,4.505018265652556e-05,0.0098196589090677,8.221432375740462e-05,0.0009876652513127,1.8515660902897308e-05,-1.850807530358447,0.0011921490257525
Base E5,0.1586855527765864,5,10.614650414225496,0.0003386376635934,0.0049430665290883,4.008411900010627e-05,0.0095070235208768,7.344325325607816e-05,0.0009551046554115,1.656666066629508e-05,-1.937094976383149,0.0011902743832712
Base E5,0.1713506080321927,5,10.616494777059676,0.0002874395151749,0.0047829541021262,3.577023586698794e-05,0.009226117138273,6.578041044285254e-05,0.0009259785346286,1.486259387726666e-05,-2.030286719028976,0.0011885654791984
Base E5,0.1850264901830073,5,10.618074070603068,0.0002441817586169,0.0046392212052481,3.200758286363853e-05,0.0089731617827363,5.906089526202638e-05,0.0008998563352624,1.3366696473025411e-05,-2.1309324851097156,0.0011870060733622
Base E5,0.1997938756249444,5,10.619426652515664,0.0002075901440036,0.0045098970598963,2.871308618789012e-05,0.0087449090417549,5.314791957619246e-05,0.0008763715467224,1.2048622108781696e-05,-2.239625979205042,0.0011855817186662
Base E5,0.2157398797207566,5,10.62058526260324,0.0001766040184293,0.0043932904355618,2.5818029683297472e-05,0.0085385546215023,4.7927473249141295e-05,0.0008552106938877,1.088317900608345e-05,-2.357008385009899,0.0011842795392034
Base E5,0.2329585707086384,5,10.621577862955096,0.0001503385981439,0.0042879439702326,2.326529012744932e-05,0.0083516683191321,4.330409259609397e-05,0.0008361044514303,9.849340617658096e-06,-2.483772146976597,0.0011830880384689
Base E5,0.2515515246270452,5,10.622428347951978,0.0001280543060929,0.004192596846044,2.1007153260161436e-05,0.0081821363730622,3.91974867737774e-05,0.0008188204314921,8.92946577684891e-06,-2.6206650545156456,0.0011819969333075
Base E5,0.2716284245293255,5,10.62315714545411,0.0001091317687501,0.0041061541473205,1.9003579413802345e-05,0.0080281137950053,3.5539835148185376e-05,0.0008031572985287,8.108680191144363e-06,-2.768494652815189,0.0011809970099043
Base E5,0.2933077075230374,5,10.623781726699011,9.305136312746268e-05,0.0040276615891922,1.7220819092074187e-05,0.0078879847873752,3.2273611965155086e-05,0.0007889399425896,7.374383005515793e-06,-2.928133006272824,0.0011800799986709
Base E5,0.3167172634509454,5,10.624317039399134,7.937643537937432e-05,0.0039562845829423,1.563030236482583e-05,0.0077603297385464,2.9349827392983293e-05,0.0007760155012288,6.715850919129685e-06,-3.100521842619215,0.0011792384653523
Base E5,0.3419951893353395,5,10.624775876069924,6.773949249236694e-05,0.0038912908193576,1.4207743609115654e-05,0.0076438975922579,2.6726598883747147e-05,0.0007642500653346,6.123918847143577e-06,-3.2866781080630743,0.0011784657160855
Base E5,0.3692906040362719,5,10.625169187616148,5.783080934514847e-05,0.0038320357186289,1.293241645856133e-05,0.0075375826258665,2.4367985785708243e-05,0.0007535259388679,5.590720987900633e-06,-3.487699966215152,0.001177755714465
Base E5,0.3987645279295231,5,10.625506350564494,4.938900447831227e-05,0.0037779502260615,1.1786563937575e-05,0.0074404048600667,2.2243034694305433e-05,0.0007437393493632,5.109479821473817e-06,-3.7047732761695458,0.0011771030089678
Base E5,0.4305908327936693,5,10.625795394980653,4.219322531630921e-05,0.0037285305354776,1.0754916469860633e-05,0.0073514934714316,2.0324994238495543e-05,0.0007347985269386,4.674333342676399e-06,-3.9391785879493746,0.0011765026693269
Base E5,0.4649572675097981,5,10.626043198992702,3.605665310421384e-05,0.003683329403123,9.82429636140015e-06,0.0072700726973639,1.8590666670881965e-05,0.0007266220859145,4.280192948411744e-06,-4.192298696577561,0.0011759502306421
Base E5,0.5020665656246559,5,10.626255654915443,3.082109299368993e-05,0.0036419487790203,8.983291910340545e-06,0.0071954498174169,1.701987036869485e-05,0.0007191376559876,3.9226260220510465e-06,-4.4656267993302565,0.0011754416442047
Base E5,0.5421376413109297,5,10.626437811197183,2.635245875214301e-05,0.0036040335337304,8.221987818996656e-06,0.0071270048705783,1.5594992612281256e-05,0.0007122807200613,3.5977585086825624e-06,-4.760775304289731,0.0011749732341417
Base E5,0.585406880779843,5,10.62659399376368,2.2536996986423217e-05,0.0035692660992622,7.531741322238353e-06,0.0070641818289598,1.4300616130821962e-05,0.0007059936238909,3.3021937449239928e-06,-5.079485342156568,0.0011745416591262
Base E5,0.6321295367643318,5,10.626727909791184,1.9278124063337085e-05,0.0035373618755895,6.904995586016422e-06,0.0070064809974873,1.3123206150839835e-05,0.0007002247291304,3.032944562751612e-06,-5.423637037430272,0.001174143878501
Base E5,0.6825812342990955,5,10.626842736483685,1.6493771860123735e-05,0.0035080652805955,6.335123608469599e-06,0.0069534524490315,1.2050847248992098e-05,0.0006949276865117,2.787376278693195e-06,-5.795260599547591,0.0011737771222475
Base E5,0.7370595966803845,5,10.626941197044308,1.411415700545526e-05,0.0034811463425858,5.816297178961081e-06,0.0069046903368404,1.1073021347301262e-05,0.0006900608100284,2.563158645576442e-06,-6.196548299405392,0.0011734388643193
Base E5,0.7958860011973389,5,10.627025625705183,1.20799032741436e-05,0.003456397751822,5.3433764973407784e-06,0.0068598279526079,1.018041981201778e-05,0.0006855865363412,2.3582252123808185e-06,-6.629867401918217,0.0011731267989274
Base E5,0.8594074749922435,5,10.627098023404267,1.0340459100571234e-05,0.0034336323016312,4.9118168877549775e-06,0.0068185334202056,9.364783915607926e-06,0.0006814709563317,2.1707388303419432e-06,-7.097774130900814,0.0011728388193999
Base E5,0.9279987422337052,5,10.62716010546394,8.852762083783544e-06,0.0034126806611828,4.517589705169746e-06,0.0067805059329351,8.618768963982932e-06,0.0006776834079392,1.999062276903849e-06,-7.603028748655982,0.0011725729993214
Base E5,1.0020644346793832,5,10.627213342427396,7.580110645718894e-06,0.0033933894314873,4.157115064545557e-06,0.0067454724568646,7.935828231241703e-06,0.0006741961212212,1.8417331561572816e-06,-8.14861183922407,0.0011723275756596
Base E5,1.0820414786687644,5,10.627258995040137,6.491209620576203e-06,0.003375619443962,3.8272044501519766e-06,0.0067131848349837,7.310113523816919e-06,0.0006709839080533,1.6974423848709314e-06,-8.737741891351284,0.001172100933665
Base E5,1.1684016726272652,5,10.627298144219912,5.559362171372634e-06,0.0033592442673492,3.5250116075767646e-06,0.0066834172370038,6.736389747391452e-06,0.0006680238901057,1.565015694761157e-06,-9.373894284901196,0.0011718915933179
Base E5,1.2616544702868049,5,10.627331716736157,4.7617849258797396e-06,0.0033441488940986,3.2479904004233568e-06,0.006655963908039,6.2099612990866745e-06,0.0006652952597356,1.443397680176344e-06,-10.060821792713297,0.0011716981971607
Base E5,1.3623499860415496,5,10.627360507215368,4.079027047849602e-06,0.0033302285817618,2.993858540837087e-06,0.0066306371764155,5.726608474351865e-06,0.0006627790692687,1.3316380005514285e-06,-10.802576718852183,0.001171519499335
Base E5,1.4710822401679415,5,10.627385196999782,3.494477057903982e-06,0.0033173878286385,2.7605662881697327e-06,0.0066072656867309,5.282532378635097e-06,0.0006604580448347,1.2288794124709989e-06,-11.60353480384458,0.001171354355723
Base E5,1.5884926630531253,5,10.627406370310617,2.993943836356971e-06,0.003305539466002,2.546269361633604e-06,0.0065856928292119,4.874307081176034e-06,0.0006583164214986,1.1343473598295028e-06,-12.468421037924967,0.0011712017150359
Base E5,1.7152738791038251,5,10.627424528102091,2.565300403320698e-06,0.0032946038518188,2.349305437132415e-06,0.0065657753405701,4.498837952026019e-06,0.0006563397969112,1.047340894694384e-06,-13.402337534566618,0.0011710606107679
Base E5,1.8521737926576032,5,10.62744009993688,2.198180866864276e-06,0.0032845081530549,2.1681737008075707e-06,0.0065473820550497,4.153325291987105e-06,0.0006545150011076,9.672247378595812e-07,-14.410793628728523,0.0011709301539125
Base E5,2.0,5,10.627453454166083,1.883722450081907e-06,0.0032751857054913,2.0015170163637953e-06,0.0065303927873281,3.835232504874316e-06,0.0006528299804208,8.934223181833004e-07,-15.499738377372967,0.0011708095263639
Fine-Tuned E5,0.01,5,0.5926121135092418,0.0289815149446131,0.9954524344164308,0.00088930148831,0.999408108878019,0.000189041223906,0.3262017230101807,0.013646605517862,-0.5031451623351264,0.0096004165257638
Fine-Tuned E5,0.010798122767574,5,0.6457527806142294,0.0325121012375353,0.993988750313592,0.0011550379604528,0.9991075510645018,0.0002672678045381,0.325242243332233,0.0135521316885732,-0.503487654992842,0.0095852064010441
Fine-Tuned E5,0.01165994553036,5,0.7043503428482115,0.0364336466984277,0.9920983188450768,0.001485633054687,0.9986687307724172,0.000375430086703,0.3240939473595458,0.0134378955304363,-0.5038908470522077,0.009566678318977
Fine-Tuned E5,0.0125905523300053,5,0.7690706917998564,0.040804065782813,0.9896733894288988,0.0018928936921057,0.9980357535152962,0.0005239522594946,0.3227263041327555,0.013307147494565,-0.5043659789167688,0.0095441630924004
Fine-Tuned E5,0.0135954329770963,5,0.8406706645562799,0.045698744567091,0.9865846813731348,0.0023907478543439,0.9971337523543304,0.0007263878267251,0.3211040113096191,0.0131654529426128,-0.5049264915454985,0.009516849270757
Fine-Tuned E5,0.014680515436501,5,0.9200150125007176,0.0512136566590051,0.9826787498928636,0.0029956735438926,0.9958639701553386,0.0010000339095084,0.3191859150057874,0.0130211517514732,-0.5055884835043994,0.0094837444519907
Fine-Tuned E5,0.0158522007974604,5,1.008098168358461,0.0574672779418538,0.9777754505734344,0.0037270361356253,0.9940981567048912,0.0013664840017053,0.3169237206671916,0.0128858152927707,-0.5063712718694403,0.0094436263021327
Fine-Tuned E5,0.0171174010347212,5,1.106071667360888,0.0646010388728376,0.9716656212142208,0.0046071932776972,0.9916723983883718,0.0018520189672387,0.3142605437517667,0.0127746251143802,-0.5072980842606784,0.0093949819735265
Fine-Tuned E5,0.0184835797834718,5,1.2152779045995887,0.0727783619695507,0.9641091258296144,0.0056612251969075,0.9883805844553638,0.0024877213567145,0.3111293775699115,0.0127065178031491,-0.5083969170473487,0.0093359347236556
Fine-Tuned E5,0.0199587963686178,5,1.3372904585826313,0.0821825191056862,0.9548334529894682,0.0069161968926583,0.9839678242682924,0.0033092051662903,0.3074515804715284,0.0127038337209316,-0.5097016042930976,0.0092641566912244
Fine-Tuned E5,0.0215517533481346,5,1.4739602457302434,0.0930133161458244,0.9435331529896712,0.0083999329516409,0.978124285342374,0.0043558751569934,0.3031355185431162,0.0127911260684133,-0.5112531531501089,0.0091767672787933
Fine-Tuned E5,0.0232718478509632,5,1.6274649720943473,0.1054816926619065,0.9298705611431808,0.0101393213937466,0.9704801529486607,0.0056696299940794,0.2980755701621763,0.012992838482009,-0.5131014133422661,0.009070218101349
Fine-Tuned E5,0.0251292270123005,5,1.800356286592273,0.1197997044878109,0.9134785094582216,0.0121580944013239,0.9606027518154368,0.0072928506255448,0.2921518401119973,0.0133298572056748,-0.5153071590520445,0.008940169144996
Fine-Tuned E5,0.0271348478333058,5,1.9955942020262412,0.1361615804743716,0.8939660890272553,0.0144738660709486,0.947997344390026,0.0092653627062583,0.2852311645462223,0.0138154654152553,-0.5179446667672005,0.008781368218848
Fine-Tuned E5,0.0293005418183476,5,2.2165514497403316,0.1547106588212802,0.8709289715937893,0.0170940568687957,0.932113717483985,0.0116199248589902,0.2771702736485263,0.014451682388752,-0.5211048650282071,0.0085875588291234
Fine-Tuned E5,0.0316390847710954,5,2.466962002296517,0.1754877459057966,0.8439662259973382,0.0200103402422764,0.9123612853693392,0.0143758136422027,0.2678221650892116,0.0152269163174078,-0.5248991001307053,0.0083514627084062
Fine-Tuned E5,0.034164272161197,5,2.7507795254239165,0.198357906939935,0.8127057779298401,0.0231913580660419,0.8881358549531558,0.0175302116386046,0.2570466173062544,0.0161150872249447,-0.5294634905399864,0.0080649171685328
Fine-Tuned E5,0.0368910005061417,5,3.071904832247484,0.2229130536717622,0.776840522257185,0.026573413980864,0.8588612122624977,0.0210470516045993,0.2447253007428641,0.0170751719258043,-0.5349637140976163,0.0077193034982555
Fine-Tuned E5,0.0398353552483954,5,3.4337397677729724,0.2483500200518267,0.7361765880741,0.0300488670919564,0.8240481775476803,0.0248428113004154,0.2307814435597913,0.0180492712187257,-0.5415998674410121,0.0073064906459534
Fine-Tuned E5,0.0430147056462098,5,3.8385372719590016,0.2733406467678662,0.6906940620864963,0.0334533897422177,0.7833723275509853,0.0287698905250501,0.2152038035566306,0.0189580903736747,-0.5496107477142448,0.0068206309566305
Fine-Tuned E5,0.0464478072378833,5,4.286560017010876,0.2959503785400386,0.6406174827761366,0.0365574450896467,0.7367679857742734,0.0326023424486076,0.1980743509455434,0.0196962254942658,-0.5592765620550152,0.0062612381574566
Fine-Tuned E5,0.05,5,4.754748856808837,0.3131171104144554,0.5887358307757141,0.0389865750586788,0.6867342376864446,0.0359086351484949,0.1803635633685084,0.020124219388997,-0.5704071351663034,0.0056640675046331
Fine-Tuned E5,0.0501549124839277,5,4.775149234868858,0.3137040686007516,0.586486958165483,0.0390725149161286,0.6845285098882974,0.0360347214064052,0.1795970261472562,0.0201343114916524,-0.5709187818823989,0.0056379899853897
Fine-Tuned E5,0.0541578902398383,5,5.297931002991743,0.3238902713758378,0.5292107330972073,0.0406829717553307,0.6273910868101502,0.0387071049706368,0.1601200212566308,0.0201355937383653,-0.5848958452191251,0.0049775835133646
Fine-Tuned E5,0.0584803547642573,5,5.844478945016268,0.3241062920228558,0.4700719870942265,0.0411051479439163,0.5665738575261414,0.0402620575123609,0.140138688980672,0.0195873112960432,-0.6015939146292237,0.0043324422667559
Fine-Tuned E5,0.0631478050235733,5,6.400717170242989,0.3129227051636303,0.4106661019906717,0.0401604201271338,0.5037347122064033,0.0404245036900084,0.1202664408880659,0.0184378287361127,-0.6214129795948922,0.003788041807282
Fine-Tuned E5,0.0681877751147372,5,6.9501772958737345,0.2904617761850871,0.3527614524247046,0.0378395692829714,0.4408378377379236,0.0390826281821216,0.1011699725761885,0.016726256905067,-0.6447500177700322,0.0034539384517022
Fine-Tuned E5,0.0736299966936662,5,7.475981449812028,0.2586423600385922,0.2980990968054767,0.0343332965187502,0.3799387322148694,0.0363407737004486,0.0834790059572634,0.0145904247716678,-0.6719822943304953,0.0034108537890681
Fine-Tuned E5,0.0795065743674277,5,7.963149627670413,0.2208787217822718,0.2481694866682562,0.0300073262228408,0.3229253000259512,0.0325150339602312,0.0676930331623316,0.0122413210316896,-0.703454643428921,0.0036396323287468
Fine-Tuned E5,0.0858521750848739,5,8.400619049796152,0.1812495831297652,0.2040219753131315,0.0253199260188815,0.2712759536669547,0.0280606917653999,0.054112794838223,0.0099077622405425,-0.7394741164309587,0.0040353526004514
Fine-Tuned E5,0.0927042326429728,5,8.782391876061098,0.1434802546944395,0.1661611875405277,0.0207122075406823,0.2258998369421783,0.0234573261195862,0.0428176886344628,0.0077772600536542,-0.7803135092600394,0.0044878078244577
Fine-Tuned E5,0.1001031685152564,5,9.107538060432798,0.1101885369070134,0.1345568312559696,0.0165182044272728,0.1870996443947111,0.0191018998127282,0.0336926058945006,0.0059617425919086,-0.8262226807375072,0.0049243066526322
Fine-Tuned E5,0.108092630305089,5,9.379208118639877,0.0826386697389014,0.1087532173581301,0.0129259271191028,0.154654265535724,0.0152498746408671,0.0264886998440302,0.004496546488074,-0.8774444341049433,0.0053088313563053
Fine-Tuned E5,0.1167197492304344,5,9.603133531231034,0.0609445310431261,0.0880320533364403,0.0099892407640317,0.1279780773843132,0.0120122975301677,0.020893498613275,0.0033612093244948,-0.9342310282872236,0.0056295039184447
Fine-Tuned E5,0.1260354181590685,5,9.78615181182035,0.0444901939997525,0.0715734610450276,0.0076687352491733,0.1062968811646839,0.0093901445311771,0.0165895030884785,0.0025058399820659,-0.9968582784455478,0.0058877003436053
Fine-Tuned E5,0.136094591834415,5,9.93510565690134,0.0323427323999578,0.058577037225049,0.0058769351205174,0.0887929960160606,0.0073197824053914,0.0132912959648074,0.0018723809245986,-1.065635932095994,0.0060908391862253
Fine-Tuned E5,0.1469566110630891,5,10.056204571926903,0.0235389128649211,0.0483316450316163,0.0045127760608571,0.0746995627320381,0.005711188991088,0.0107617176208728,0.0014072014619753,-1.1409145285921218,0.0062482009370137
Fine-Tuned E5,0.1586855527765864,5,10.15476138088435,0.0172329532635639,0.0402424832946874,0.0034816165109212,0.0633474908411091,0.0044724215178144,0.0088134657200848,0.0010662502548713,-1.2230897177902602,0.0063688040619705
Fine-Tuned E5,0.1713506080321927,5,10.235163081919492,0.0127452073853112,0.0338310135870378,0.0027037417293379,0.0541790864339065,0.0035218146454444,0.0073031951636784,0.0008156846017884,-1.3126051063709645,0.0064605135016993
Fine-Tuned E5,0.1850264901830073,5,10.30095814367412,0.0095576026610474,0.0287214932953355,0.0021159602643469,0.0467427641949113,0.002792103616565,0.0061231643614978,0.0006304857600927,-1.40995446247012,0.0065298063206849
Fine-Tuned E5,0.1997938756249444,5,10.354985365027364,0.007287957012232,0.0246231070484939,0.0016699429677519,0.0406793030813517,0.0022302681889369,0.0051931110090857,0.0004925450191722,-1.5156838161046386,0.0065818441245577
Fine-Tuned E5,0.2157398797207566,5,10.399505032407328,0.0056604051395486,0.0213124563839464,0.0013294886359672,0.035705854418577,0.0017955859216894,0.0044534101504719,0.0003888883244405,-1.630393763267574,0.006620661419933
Fine-Tuned E5,0.2329585707086384,5,10.43631546367403,0.0044791145906633,0.0186184071461707,0.0010677825564922,0.0316008133971993,0.0014572378714574,0.0038597113369385,0.0003102502186373,-1.7547421340910567,0.0066493764250331
Fine-Tuned E5,0.2515515246270452,5,10.466849936948725,0.0036071492479056,0.0164097989148901,0.0008650595211114,0.0281908000370941,0.0011920749261829,0.0033788953005603,0.0002500051868043,-1.8894471019247967,0.0066703842031496
Fine-Tuned E5,0.2716284245293255,5,10.492254508886507,0.0029501381136573,0.0145858349288022,0.0007067603537808,0.0253400167034057,0.0009827563434219,0.0029860891855891,0.0002033955113804,-2.035290767785779,0.0066855187714299
Fine-Tuned E5,0.2933077075230374,5,10.513449317521191,0.0024438688164895,0.0130687254733427,0.0005821375527974,0.0229418037123351,0.0008162858071829,0.0026624866698352,0.0001669839202329,-2.1931232361031188,0.0066961830632332
Fine-Tuned E5,0.3167172634509454,5,10.531176422519607,0.0020450200018477,0.0117981225826328,0.0004832251746673,0.0209120550746894,0.0006828967708115,0.0023937626990938,0.0001382690712351,-2.3638671919990193,0.0067034504555708
Fine-Tuned E5,0.3419951893353395,5,10.546037006953478,0.0017244174666759,0.0107269345267338,0.0004040875111728,0.0191841350364275,0.0005752191862869,0.0021689208073119,0.0001154162007162,-2.548522991134609,0.0067081429133028
Fine-Tuned E5,0.3692906040362719,5,10.558520310058285,0.0014622874410388,0.0098181841047138,0.0003402744812466,0.0177049726826957,0.000487662758448,0.0019794528497399,9.706824503379516e-05,-2.748174276945017,0.0067108906405792
Fine-Tuned E5,0.3987645279295231,5,10.569026184107935,0.0012450263656732,0.0090426487791013,0.0002884276027428,0.0164320665518516,0.0004159625667551,0.0018187238385493,8.221291775732323e-05,-2.9639941451164304,0.0067121774283467
Fine-Tuned E5,0.4305908327936693,5,10.57788274876786,0.0010630648412505,0.0083770836533373,0.0002459946300788,0.0153311858654223,0.0003568446816272,0.0016815191203001,7.008867591203008e-05,-3.197251880570392,0.0067123750779769
Fine-Tuned E5,0.4649572675097981,5,10.585360273725213,0.0009094842580228,0.0078028783587887,0.0002110222887098,0.0143746026090985,0.0003077797786464,0.0015637089900434,6.011777862210548e-05,-3.4493202976561816,0.006711769540544
Fine-Tuned E5,0.5020665656246559,5,10.591682151749634,0.0007791317193128,0.0073050372829074,0.0001820050992049,0.0135397275335404,0.0002668010724013,0.0014619986371941,5.185830051262256e-05,-3.721683719595162,0.0067105807945191
Fine-Tuned E5,0.5421376413109297,5,10.597033618178257,0.0006680558269005,0.0068714013543418,0.0001577745511664,0.0128080536632359,0.00023236924494,0.0013737404294966,4.4969479513789674e-05,-4.015946638472895,0.0067089779952975
Fine-Tuned E5,0.585406880779843,5,10.601568716418896,0.0005731454004968,0.006492050938127,0.0001374173972192,0.0121643343773514,0.0002032717656317,0.0012967920100985,3.918650438287304e-05,-4.33384310228764,0.0067070910521909
Fine-Tuned E5,0.6321295367643318,5,10.60541589104344,0.00049189532846,0.0061588451101839,0.0001202150525896,0.0115959409575549,0.0001785474541959,0.00122940827724,3.4302030305465085e-05,-4.677246880808424,0.0067050195014723
Fine-Tuned E5,0.6825812342990955,5,10.608682501102884,0.0004222518792344,0.005865064124679,0.0001055983681089,0.0110923579454186,0.0001574296448713,0.0011701585872418,3.0152523931815093e-05,-5.048182467345539,0.0067028393279258
Fine-Tuned E5,0.7370595966803845,5,10.61145847918753,0.0003625078852295,0.0056051303656827,9.31136627216036e-05,0.0106447847583915,0.0001393031200644,0.0011178628591849,2.660810011857746e-05,-5.448836979062218,0.0067006082254638
Fine-Tuned E5,0.7958860011973389,5,10.613819310970856,0.00031122955085,0.0053743893096368,8.239705020158435e-05,0.0102458196006713,0.0001236712879187,0.0010715419380855,2.356490159000563e-05,-5.881573024224176,0.006698369666279
Fine-Tuned E5,0.8594074749922435,5,10.615828471384605,0.0002672036406998,0.0051689366229038,7.315491218295098e-05,0.0098892074051661,0.0001101310212648,0.0010303787847506,2.0939343976789107e-05,-6.348942610855001,0.0066961560575423
Fine-Tuned E5,0.9279987422337052,5,10.617539424105669,0.0002293980934117,0.004985480920871,6.51489533959774e-05,0.009569637832553,9.835325776625827e-05,0.0009936879397491,1.8663739023937618e-05,-6.85370217769777,0.0066939911969447
Fine-Tuned E5,1.0020644346793832,5,10.61899726841506,0.0001969317237516,0.0048212342428267,5.818469376650787e-05,0.0092825825907114,8.806795638696769e-05,0.000960891350885,1.668294318109355e-05,-7.398828835231734,0.0066918921876205
Fine-Tuned E5,1.0820414786687644,5,10.620240100028072,0.0001690502725447,0.0046738241832283,5.210255387550734e-05,0.0090241637888258,7.905236622488875e-05,0.0009314991250677,1.4951774352692136e-05,-7.98753791181142,0.0066898709348412
Fine-Tuned E5,1.1684016726272652,5,10.621300138939784,0.0001451070417306,0.0045412230344117,4.6770908967796635e-05,0.0087910469030575,7.112182789927084e-05,0.000905094113914,1.3433007978921965e-05,-8.623301907837357,0.0066879353181287
Fine-Tuned E5,1.2616544702868049,5,10.622204666747644,0.0001245469542691,0.0044216903614972,4.20806460012343e-05,0.008580353351806,6.412252189257819e-05,0.0008813195014588,1.2095812893927793e-05,-9.309870969287712,0.0066860901106528
Fine-Tuned E5,1.3623499860415496,5,10.622976807604994,0.000106893253679,0.0043137262372057,3.794087490880943e-05,0.0083895887674045,5.7925721747595715e-05,0.0008598687561038,1.0914523144933e-05,-10.05129500099369,0.0066843377013251
Fine-Tuned E5,1.4710822401679415,5,10.623636180402022,9.173629450371508e-05,0.0042160329783824,3.427553118570287e-05,0.0082165838889219,5.242321658079541e-05,0.0008404774547047,9.867668044400698e-06,-10.851947549787516,0.0066826786623681
Fine-Tuned E5,1.5884926630531253,5,10.624199444567587,7.872402715685488e-05,0.0041274836956792,3.102067056410069e-05,0.0080594456482563,4.752364690663628e-05,0.0008229165970158,8.937201894834776e-06,-11.716551598151025,0.0066811121956279
Fine-Tuned E5,1.7152738791038251,5,10.624680757736208,6.755388050388235e-05,0.0040470963288163,2.8122303942819765e-05,0.0079165165243437,4.314955743316409e-05,0.000806987112671,8.107888997351457e-06,-12.650207420310496,0.0066796364834139
Fine-Tuned E5,1.8521737926576032,5,10.625092160199944,5.796581323423031e-05,0.003974012118646,2.5534656237489344e-05,0.0077863406321857,3.923501547893501e-05,0.0007925153271414,7.366810097607414e-06,-13.658422664928286,0.0066782489640941
Fine-Tuned E5,2.0,5,10.625443898388856,4.97363523091903e-05,0.003907477683621,2.321875954426141e-05,0.0076676353202788,3.5723677756652806e-05,0.0007793492025579,6.70296431268217e-06,-14.747144841707904,0.0066769465482279
